,loss,auc_p,auc_l,f1_binary,f1_micro,f1_macro,f1_weighted,dt,damping,iterations
0,0.3075132579734531,0.5269095821304117,0.5,0.9515680089070329,0.9076106194690265,0.47578400445351643,0.8636532300310202,0.01,0.05,100.0
1,0.2694702471406082,0.5269095821304117,0.5,0.9515680089070329,0.9076106194690265,0.47578400445351643,0.8636532300310202,0.01,0.05,100.0
2,0.23213636820079447,0.5269095821304117,0.5,0.9515680089070329,0.9076106194690265,0.47578400445351643,0.8636532300310202,0.01,0.05,100.0
3,0.21695981614353338,0.5269095821304117,0.5,0.9515680089070329,0.9076106194690265,0.47578400445351643,0.8636532300310202,0.01,0.05,100.0
4,0.20817485794561144,0.5269095821304117,0.5,0.9515680089070329,0.9076106194690265,0.47578400445351643,0.8636532300310202,0.01,0.05,100.0
5,0.1923559774358592,0.5269095821304117,0.5,0.9515680089070329,0.9076106194690265,0.47578400445351643,0.8636532300310202,0.01,0.05,100.0
6,0.17577762071223804,0.5269095821304117,0.5,0.9515680089070329,0.9076106194690265,0.47578400445351643,0.8636532300310202,0.01,0.05,100.0
7,0.15845583661179427,0.5269095821304117,0.5,0.9515680089070329,0.9076106194690265,0.47578400445351643,0.8636532300310202,0.01,0.05,100.0
8,0.13308315362336084,0.5269095821304117,0.5,0.9515680089070329,0.9076106194690265,0.47578400445351643,0.8636532300310202,0.01,0.05,100.0
9,0.11574229439814215,0.5269095821304117,0.5,0.9515680089070329,0.9076106194690265,0.47578400445351643,0.8636532300310202,0.01,0.05,100.0
10,0.13110281929531822,0.812402496099844,0.5570468795763325,0.9547325102880658,0.9143362831858407,0.5793399393545592,0.8853679361191134,0.01,0.05,100.0
11,0.11999769214672436,0.812402496099844,0.5570468795763325,0.9547325102880658,0.9143362831858407,0.5793399393545592,0.8853679361191134,0.01,0.05,100.0
12,0.10202485497171371,0.812402496099844,0.5570468795763325,0.9547325102880658,0.9143362831858407,0.5793399393545592,0.8853679361191134,0.01,0.05,100.0
13,0.09649058886578461,0.812402496099844,0.5570468795763325,0.9547325102880658,0.9143362831858407,0.5793399393545592,0.8853679361191134,0.01,0.05,100.0
14,0.09628930297445093,0.812402496099844,0.5570468795763325,0.9547325102880658,0.9143362831858407,0.5793399393545592,0.8853679361191134,0.01,0.05,100.0
15,0.09522405473315898,0.812402496099844,0.5570468795763325,0.9547325102880658,0.9143362831858407,0.5793399393545592,0.8853679361191134,0.01,0.05,100.0
16,0.09242944437530769,0.812402496099844,0.5570468795763325,0.9547325102880658,0.9143362831858407,0.5793399393545592,0.8853679361191134,0.01,0.05,100.0
17,0.0887951789586364,0.812402496099844,0.5570468795763325,0.9547325102880658,0.9143362831858407,0.5793399393545592,0.8853679361191134,0.01,0.05,100.0
18,0.08530099602730634,0.812402496099844,0.5570468795763325,0.9547325102880658,0.9143362831858407,0.5793399393545592,0.8853679361191134,0.01,0.05,100.0
19,0.08271871187400887,0.812402496099844,0.5570468795763325,0.9547325102880658,0.9143362831858407,0.5793399393545592,0.8853679361191134,0.01,0.05,100.0
20,0.0811164184427974,0.8603774036018911,0.6743526637617229,0.9591914569031273,0.9242477876106194,0.716048930422007,0.9142638820984743,0.01,0.05,100.0
21,0.08014696827369326,0.8603774036018911,0.6743526637617229,0.9591914569031273,0.9242477876106194,0.716048930422007,0.9142638820984743,0.01,0.05,100.0
22,0.07969925311064127,0.8603774036018911,0.6743526637617229,0.9591914569031273,0.9242477876106194,0.716048930422007,0.9142638820984743,0.01,0.05,100.0
23,0.07900870300935897,0.8603774036018911,0.6743526637617229,0.9591914569031273,0.9242477876106194,0.716048930422007,0.9142638820984743,0.01,0.05,100.0
24,0.07792339499045738,0.8603774036018911,0.6743526637617229,0.9591914569031273,0.9242477876106194,0.716048930422007,0.9142638820984743,0.01,0.05,100.0
25,0.07739839954196032,0.8603774036018911,0.6743526637617229,0.9591914569031273,0.9242477876106194,0.716048930422007,0.9142638820984743,0.01,0.05,100.0
26,0.07614288056495642,0.8603774036018911,0.6743526637617229,0.9591914569031273,0.9242477876106194,0.716048930422007,0.9142638820984743,0.01,0.05,100.0
27,0.07538392716129254,0.8603774036018911,0.6743526637617229,0.9591914569031273,0.9242477876106194,0.716048930422007,0.9142638820984743,0.01,0.05,100.0
28,0.07483007268643094,0.8603774036018911,0.6743526637617229,0.9591914569031273,0.9242477876106194,0.716048930422007,0.9142638820984743,0.01,0.05,100.0
29,0.07461011573051408,0.8603774036018911,0.6743526637617229,0.9591914569031273,0.9242477876106194,0.716048930422007,0.9142638820984743,0.01,0.05,100.0
30,0.07465340285985722,0.8755327224583235,0.6615620946676948,0.960303893637227,0.9260176991150443,0.708723375390042,0.9138171571681897,0.01,0.05,100.0
31,0.07410852060349472,0.8755327224583235,0.6615620946676948,0.960303893637227,0.9260176991150443,0.708723375390042,0.9138171571681897,0.01,0.05,100.0
32,0.0735634353875768,0.8755327224583235,0.6615620946676948,0.960303893637227,0.9260176991150443,0.708723375390042,0.9138171571681897,0.01,0.05,100.0
33,0.07307804457748375,0.8755327224583235,0.6615620946676948,0.960303893637227,0.9260176991150443,0.708723375390042,0.9138171571681897,0.01,0.05,100.0
34,0.07270260941507334,0.8755327224583235,0.6615620946676948,0.960303893637227,0.9260176991150443,0.708723375390042,0.9138171571681897,0.01,0.05,100.0
35,0.07236947393270764,0.8755327224583235,0.6615620946676948,0.960303893637227,0.9260176991150443,0.708723375390042,0.9138171571681897,0.01,0.05,100.0
36,0.07224403063101237,0.8755327224583235,0.6615620946676948,0.960303893637227,0.9260176991150443,0.708723375390042,0.9138171571681897,0.01,0.05,100.0
37,0.07214199073715188,0.8755327224583235,0.6615620946676948,0.960303893637227,0.9260176991150443,0.708723375390042,0.9138171571681897,0.01,0.05,100.0
38,0.07198314148875612,0.8755327224583235,0.6615620946676948,0.960303893637227,0.9260176991150443,0.708723375390042,0.9138171571681897,0.01,0.05,100.0
39,0.07190211236488504,0.8755327224583235,0.6615620946676948,0.960303893637227,0.9260176991150443,0.708723375390042,0.9138171571681897,0.01,0.05,100.0
40,0.07173313727123598,0.8833315401581581,0.670394976718609,0.962217581165749,0.9295575221238938,0.7213176678674698,0.9177043936465626,0.01,0.05,100.0
41,0.07157387595311915,0.8833315401581581,0.670394976718609,0.962217581165749,0.9295575221238938,0.7213176678674698,0.9177043936465626,0.01,0.05,100.0
42,0.07117988985774341,0.8833315401581581,0.670394976718609,0.962217581165749,0.9295575221238938,0.7213176678674698,0.9177043936465626,0.01,0.05,100.0
43,0.07069901640287887,0.8833315401581581,0.670394976718609,0.962217581165749,0.9295575221238938,0.7213176678674698,0.9177043936465626,0.01,0.05,100.0
44,0.07058534078558365,0.8833315401581581,0.670394976718609,0.962217581165749,0.9295575221238938,0.7213176678674698,0.9177043936465626,0.01,0.05,100.0
45,0.0706493474348752,0.8833315401581581,0.670394976718609,0.962217581165749,0.9295575221238938,0.7213176678674698,0.9177043936465626,0.01,0.05,100.0
46,0.07050940929344578,0.8833315401581581,0.670394976718609,0.962217581165749,0.9295575221238938,0.7213176678674698,0.9177043936465626,0.01,0.05,100.0
47,0.0703294310980422,0.8833315401581581,0.670394976718609,0.962217581165749,0.9295575221238938,0.7213176678674698,0.9177043936465626,0.01,0.05,100.0
48,0.07002904358458303,0.8833315401581581,0.670394976718609,0.962217581165749,0.9295575221238938,0.7213176678674698,0.9177043936465626,0.01,0.05,100.0
49,0.06985207737627279,0.8833315401581581,0.670394976718609,0.962217581165749,0.9295575221238938,0.7213176678674698,0.9177043936465626,0.01,0.05,100.0
50,0.06973200978631738,0.8868969701316788,0.6826348916025606,0.9623144271031595,0.9299115044247788,0.7311572135515798,0.9196014835725667,0.01,0.05,100.0
51,0.06965810964447543,0.8868969701316788,0.6826348916025606,0.9623144271031595,0.9299115044247788,0.7311572135515798,0.9196014835725667,0.01,0.05,100.0
52,0.06959684212429303,0.8868969701316788,0.6826348916025606,0.9623144271031595,0.9299115044247788,0.7311572135515798,0.9196014835725667,0.01,0.05,100.0
53,0.06944167003482019,0.8868969701316788,0.6826348916025606,0.9623144271031595,0.9299115044247788,0.7311572135515798,0.9196014835725667,0.01,0.05,100.0
54,0.0692700382706411,0.8868969701316788,0.6826348916025606,0.9623144271031595,0.9299115044247788,0.7311572135515798,0.9196014835725667,0.01,0.05,100.0
55,0.06905362820141615,0.8868969701316788,0.6826348916025606,0.9623144271031595,0.9299115044247788,0.7311572135515798,0.9196014835725667,0.01,0.05,100.0
56,0.06879126202127828,0.8868969701316788,0.6826348916025606,0.9623144271031595,0.9299115044247788,0.7311572135515798,0.9196014835725667,0.01,0.05,100.0
57,0.06878503364347725,0.8868969701316788,0.6826348916025606,0.9623144271031595,0.9299115044247788,0.7311572135515798,0.9196014835725667,0.01,0.05,100.0
58,0.06865650609527425,0.8868969701316788,0.6826348916025606,0.9623144271031595,0.9299115044247788,0.7311572135515798,0.9196014835725667,0.01,0.05,100.0
59,0.06839563123875926,0.8868969701316788,0.6826348916025606,0.9623144271031595,0.9299115044247788,0.7311572135515798,0.9196014835725667,0.01,0.05,100.0
60,0.06834384138603733,0.8890278599649734,0.6877969946384063,0.9622713414634146,0.9299115044247788,0.7348670140152894,0.9202518515774247,0.01,0.05,100.0
61,0.06823390315111269,0.8890278599649734,0.6877969946384063,0.9622713414634146,0.9299115044247788,0.7348670140152894,0.9202518515774247,0.01,0.05,100.0
62,0.06809633424954599,0.8890278599649734,0.6877969946384063,0.9622713414634146,0.9299115044247788,0.7348670140152894,0.9202518515774247,0.01,0.05,100.0
63,0.067989833242169,0.8890278599649734,0.6877969946384063,0.9622713414634146,0.9299115044247788,0.7348670140152894,0.9202518515774247,0.01,0.05,100.0
64,0.06785398742105919,0.8890278599649734,0.6877969946384063,0.9622713414634146,0.9299115044247788,0.7348670140152894,0.9202518515774247,0.01,0.05,100.0
65,0.06771121738082923,0.8890278599649734,0.6877969946384063,0.9622713414634146,0.9299115044247788,0.7348670140152894,0.9202518515774247,0.01,0.05,100.0
66,0.06759988486462566,0.8890278599649734,0.6877969946384063,0.9622713414634146,0.9299115044247788,0.7348670140152894,0.9202518515774247,0.01,0.05,100.0
67,0.06746452768967423,0.8890278599649734,0.6877969946384063,0.9622713414634146,0.9299115044247788,0.7348670140152894,0.9202518515774247,0.01,0.05,100.0
68,0.0673593656729551,0.8890278599649734,0.6877969946384063,0.9622713414634146,0.9299115044247788,0.7348670140152894,0.9202518515774247,0.01,0.05,100.0
69,0.06722778337745079,0.8890278599649734,0.6877969946384063,0.9622713414634146,0.9299115044247788,0.7348670140152894,0.9202518515774247,0.01,0.05,100.0
70,0.06711506293544739,0.8929265216585675,0.6912383966623032,0.9622425629290617,0.9299115044247788,0.7372789169325111,0.9206740591378407,0.01,0.05,100.0
71,0.06702381819049123,0.8929265216585675,0.6912383966623032,0.9622425629290617,0.9299115044247788,0.7372789169325111,0.9206740591378407,0.01,0.05,100.0
72,0.0669302974345293,0.8929265216585675,0.6912383966623032,0.9622425629290617,0.9299115044247788,0.7372789169325111,0.9206740591378407,0.01,0.05,100.0
73,0.06678433116755864,0.8929265216585675,0.6912383966623032,0.9622425629290617,0.9299115044247788,0.7372789169325111,0.9206740591378407,0.01,0.05,100.0
74,0.06675276497867254,0.8929265216585675,0.6912383966623032,0.9622425629290617,0.9299115044247788,0.7372789169325111,0.9206740591378407,0.01,0.05,100.0
75,0.06663463457094031,0.8929265216585675,0.6912383966623032,0.9622425629290617,0.9299115044247788,0.7372789169325111,0.9206740591378407,0.01,0.05,100.0
76,0.06644936792027746,0.8929265216585675,0.6912383966623032,0.9622425629290617,0.9299115044247788,0.7372789169325111,0.9206740591378407,0.01,0.05,100.0
77,0.06637515055536938,0.8929265216585675,0.6912383966623032,0.9622425629290617,0.9299115044247788,0.7372789169325111,0.9206740591378407,0.01,0.05,100.0
78,0.06627626934494793,0.8929265216585675,0.6912383966623032,0.9622425629290617,0.9299115044247788,0.7372789169325111,0.9206740591378407,0.01,0.05,100.0
79,0.06619394660835355,0.8929265216585675,0.6912383966623032,0.9622425629290617,0.9299115044247788,0.7372789169325111,0.9206740591378407,0.01,0.05,100.0
80,0.06605581557147946,0.8942938177297206,0.6987062241110334,0.9627791563275434,0.9309734513274336,0.7441633007915089,0.9223835893930973,0.01,0.05,100.0
81,0.06598984081497825,0.8942938177297206,0.6987062241110334,0.9627791563275434,0.9309734513274336,0.7441633007915089,0.9223835893930973,0.01,0.05,100.0
82,0.06590362403394455,0.8942938177297206,0.6987062241110334,0.9627791563275434,0.9309734513274336,0.7441633007915089,0.9223835893930973,0.01,0.05,100.0
83,0.06585940390740444,0.8942938177297206,0.6987062241110334,0.9627791563275434,0.9309734513274336,0.7441633007915089,0.9223835893930973,0.01,0.05,100.0
84,0.06572126629954482,0.8942938177297206,0.6987062241110334,0.9627791563275434,0.9309734513274336,0.7441633007915089,0.9223835893930973,0.01,0.05,100.0
85,0.06557976261828069,0.8942938177297206,0.6987062241110334,0.9627791563275434,0.9309734513274336,0.7441633007915089,0.9223835893930973,0.01,0.05,100.0
86,0.06558948192504976,0.8942938177297206,0.6987062241110334,0.9627791563275434,0.9309734513274336,0.7441633007915089,0.9223835893930973,0.01,0.05,100.0
87,0.06550507086455878,0.8942938177297206,0.6987062241110334,0.9627791563275434,0.9309734513274336,0.7441633007915089,0.9223835893930973,0.01,0.05,100.0
88,0.06530181337031767,0.8942938177297206,0.6987062241110334,0.9627791563275434,0.9309734513274336,0.7441633007915089,0.9223835893930973,0.01,0.05,100.0
89,0.06541617626359723,0.8942938177297206,0.6987062241110334,0.9627791563275434,0.9309734513274336,0.7441633007915089,0.9223835893930973,0.01,0.05,100.0
90,0.06521257372500597,0.89549524509716,0.7172439196418432,0.9622243528283797,0.9302654867256637,0.7546753948049945,0.9238737135051207,0.01,0.05,100.0
91,0.06539725953440502,0.89549524509716,0.7172439196418432,0.9622243528283797,0.9302654867256637,0.7546753948049945,0.9238737135051207,0.01,0.05,100.0
92,0.0652224457708604,0.89549524509716,0.7172439196418432,0.9622243528283797,0.9302654867256637,0.7546753948049945,0.9238737135051207,0.01,0.05,100.0
93,0.06516471917020857,0.89549524509716,0.7172439196418432,0.9622243528283797,0.9302654867256637,0.7546753948049945,0.9238737135051207,0.01,0.05,100.0
94,0.0650633247509757,0.89549524509716,0.7172439196418432,0.9622243528283797,0.9302654867256637,0.7546753948049945,0.9238737135051207,0.01,0.05,100.0
95,0.065496075033244,0.89549524509716,0.7172439196418432,0.9622243528283797,0.9302654867256637,0.7546753948049945,0.9238737135051207,0.01,0.05,100.0
96,0.06517496679866466,0.89549524509716,0.7172439196418432,0.9622243528283797,0.9302654867256637,0.7546753948049945,0.9238737135051207,0.01,0.05,100.0
97,0.06500347363514912,0.89549524509716,0.7172439196418432,0.9622243528283797,0.9302654867256637,0.7546753948049945,0.9238737135051207,0.01,0.05,100.0
98,0.06477560519294596,0.89549524509716,0.7172439196418432,0.9622243528283797,0.9302654867256637,0.7546753948049945,0.9238737135051207,0.01,0.05,100.0
99,0.06466959301768366,0.89549524509716,0.7172439196418432,0.9622243528283797,0.9302654867256637,0.7546753948049945,0.9238737135051207,0.01,0.05,100.0
100,0.06474329704265562,0.894755560337356,0.7218209992767526,0.9615827890895121,0.9292035398230089,0.7555661693195308,0.9235152933302448,0.01,0.05,100.0
101,0.06480706420422522,0.894755560337356,0.7218209992767526,0.9615827890895121,0.9292035398230089,0.7555661693195308,0.9235152933302448,0.01,0.05,100.0
102,0.06489877498498797,0.894755560337356,0.7218209992767526,0.9615827890895121,0.9292035398230089,0.7555661693195308,0.9235152933302448,0.01,0.05,100.0
103,0.06498448893420922,0.894755560337356,0.7218209992767526,0.9615827890895121,0.9292035398230089,0.7555661693195308,0.9235152933302448,0.01,0.05,100.0
104,0.06678520989182378,0.894755560337356,0.7218209992767526,0.9615827890895121,0.9292035398230089,0.7555661693195308,0.9235152933302448,0.01,0.05,100.0
105,0.06823236430565958,0.894755560337356,0.7218209992767526,0.9615827890895121,0.9292035398230089,0.7555661693195308,0.9235152933302448,0.01,0.05,100.0
106,0.06774888679887119,0.894755560337356,0.7218209992767526,0.9615827890895121,0.9292035398230089,0.7555661693195308,0.9235152933302448,0.01,0.05,100.0
107,0.06672904412336121,0.894755560337356,0.7218209992767526,0.9615827890895121,0.9292035398230089,0.7555661693195308,0.9235152933302448,0.01,0.05,100.0
108,0.06609792083723888,0.894755560337356,0.7218209992767526,0.9615827890895121,0.9292035398230089,0.7555661693195308,0.9235152933302448,0.01,0.05,100.0
109,0.06570006613404887,0.894755560337356,0.7218209992767526,0.9615827890895121,0.9292035398230089,0.7555661693195308,0.9235152933302448,0.01,0.05,100.0
110,0.06547063461189413,0.898820090734664,0.7050040047578914,0.9621270084162203,0.9299115044247788,0.746466347810006,0.9222774987396031,0.01,0.05,100.0
111,0.0653328422234488,0.898820090734664,0.7050040047578914,0.9621270084162203,0.9299115044247788,0.746466347810006,0.9222774987396031,0.01,0.05,100.0
112,0.06517087558120825,0.898820090734664,0.7050040047578914,0.9621270084162203,0.9299115044247788,0.746466347810006,0.9222774987396031,0.01,0.05,100.0
113,0.06489271656277172,0.898820090734664,0.7050040047578914,0.9621270084162203,0.9299115044247788,0.746466347810006,0.9222774987396031,0.01,0.05,100.0
114,0.06459495403765404,0.898820090734664,0.7050040047578914,0.9621270084162203,0.9299115044247788,0.746466347810006,0.9222774987396031,0.01,0.05,100.0
115,0.0643506343242937,0.898820090734664,0.7050040047578914,0.9621270084162203,0.9299115044247788,0.746466347810006,0.9222774987396031,0.01,0.05,100.0
116,0.06423731429874921,0.898820090734664,0.7050040047578914,0.9621270084162203,0.9299115044247788,0.746466347810006,0.9222774987396031,0.01,0.05,100.0
117,0.06427599863592137,0.898820090734664,0.7050040047578914,0.9621270084162203,0.9299115044247788,0.746466347810006,0.9222774987396031,0.01,0.05,100.0
118,0.06443206208842411,0.898820090734664,0.7050040047578914,0.9621270084162203,0.9299115044247788,0.746466347810006,0.9222774987396031,0.01,0.05,100.0
119,0.0645662692847218,0.898820090734664,0.7050040047578914,0.9621270084162203,0.9299115044247788,0.746466347810006,0.9222774987396031,0.01,0.05,100.0
120,0.06460896312754519,0.8978443045767808,0.7586670133472004,0.9584143023707734,0.9242477876106194,0.7669055638837994,0.923027554940614,0.01,0.05,100.0
121,0.06449676240531947,0.8978443045767808,0.7586670133472004,0.9584143023707734,0.9242477876106194,0.7669055638837994,0.923027554940614,0.01,0.05,100.0
122,0.06447159800086873,0.8978443045767808,0.7586670133472004,0.9584143023707734,0.9242477876106194,0.7669055638837994,0.923027554940614,0.01,0.05,100.0
123,0.06423991349961812,0.8978443045767808,0.7586670133472004,0.9584143023707734,0.9242477876106194,0.7669055638837994,0.923027554940614,0.01,0.05,100.0
124,0.06411159859355238,0.8978443045767808,0.7586670133472004,0.9584143023707734,0.9242477876106194,0.7669055638837994,0.923027554940614,0.01,0.05,100.0
125,0.06387792007546263,0.8978443045767808,0.7586670133472004,0.9584143023707734,0.9242477876106194,0.7669055638837994,0.923027554940614,0.01,0.05,100.0
126,0.06380942623104541,0.8978443045767808,0.7586670133472004,0.9584143023707734,0.9242477876106194,0.7669055638837994,0.923027554940614,0.01,0.05,100.0
127,0.06374130245856816,0.8978443045767808,0.7586670133472004,0.9584143023707734,0.9242477876106194,0.7669055638837994,0.923027554940614,0.01,0.05,100.0
128,0.06370198622589468,0.8978443045767808,0.7586670133472004,0.9584143023707734,0.9242477876106194,0.7669055638837994,0.923027554940614,0.01,0.05,100.0
129,0.06373200916993366,0.8978443045767808,0.7586670133472004,0.9584143023707734,0.9242477876106194,0.7669055638837994,0.923027554940614,0.01,0.05,100.0
130,0.06378040613030417,0.9024975941566398,0.7166588962409071,0.9616270145817345,0.9292035398230089,0.7525030050077622,0.9229853391843492,0.01,0.05,100.0
131,0.06373839373962052,0.9024975941566398,0.7166588962409071,0.9616270145817345,0.9292035398230089,0.7525030050077622,0.9229853391843492,0.01,0.05,100.0
132,0.06371315684603286,0.9024975941566398,0.7166588962409071,0.9616270145817345,0.9292035398230089,0.7525030050077622,0.9229853391843492,0.01,0.05,100.0
133,0.06365210452090989,0.9024975941566398,0.7166588962409071,0.9616270145817345,0.9292035398230089,0.7525030050077622,0.9229853391843492,0.01,0.05,100.0
134,0.06391106761270371,0.9024975941566398,0.7166588962409071,0.9616270145817345,0.9292035398230089,0.7525030050077622,0.9229853391843492,0.01,0.05,100.0
135,0.06388788393172484,0.9024975941566398,0.7166588962409071,0.9616270145817345,0.9292035398230089,0.7525030050077622,0.9229853391843492,0.01,0.05,100.0
136,0.06389531451421865,0.9024975941566398,0.7166588962409071,0.9616270145817345,0.9292035398230089,0.7525030050077622,0.9229853391843492,0.01,0.05,100.0
137,0.06383529756699433,0.9024975941566398,0.7166588962409071,0.9616270145817345,0.9292035398230089,0.7525030050077622,0.9229853391843492,0.01,0.05,100.0
138,0.06380350325488912,0.9024975941566398,0.7166588962409071,0.9616270145817345,0.9292035398230089,0.7525030050077622,0.9229853391843492,0.01,0.05,100.0
139,0.06367270920618036,0.9024975941566398,0.7166588962409071,0.9616270145817345,0.9292035398230089,0.7525030050077622,0.9229853391843492,0.01,0.05,100.0
140,0.06342053636970978,0.9020014823581449,0.7334758907597683,0.9610789980732177,0.9284955752212389,0.7609742816453045,0.9241038964890158,0.01,0.05,100.0
141,0.06342203030701916,0.9020014823581449,0.7334758907597683,0.9610789980732177,0.9284955752212389,0.7609742816453045,0.9241038964890158,0.01,0.05,100.0
142,0.06340868301765616,0.9020014823581449,0.7334758907597683,0.9610789980732177,0.9284955752212389,0.7609742816453045,0.9241038964890158,0.01,0.05,100.0
143,0.06342889702065295,0.9020014823581449,0.7334758907597683,0.9610789980732177,0.9284955752212389,0.7609742816453045,0.9241038964890158,0.01,0.05,100.0
144,0.06338430043687455,0.9020014823581449,0.7334758907597683,0.9610789980732177,0.9284955752212389,0.7609742816453045,0.9241038964890158,0.01,0.05,100.0
145,0.06333627414617936,0.9020014823581449,0.7334758907597683,0.9610789980732177,0.9284955752212389,0.7609742816453045,0.9241038964890158,0.01,0.05,100.0
146,0.06333795069874654,0.9020014823581449,0.7334758907597683,0.9610789980732177,0.9284955752212389,0.7609742816453045,0.9241038964890158,0.01,0.05,100.0
147,0.06331745939978488,0.9020014823581449,0.7334758907597683,0.9610789980732177,0.9284955752212389,0.7609742816453045,0.9241038964890158,0.01,0.05,100.0
148,0.06329110798739838,0.9020014823581449,0.7334758907597683,0.9610789980732177,0.9284955752212389,0.7609742816453045,0.9241038964890158,0.01,0.05,100.0
149,0.063311770291253,0.9020014823581449,0.7334758907597683,0.9610789980732177,0.9284955752212389,0.7609742816453045,0.9241038964890158,0.01,0.05,100.0
150,0.06329554364802942,0.9000678417941316,0.7485378150758215,0.9587129288621826,0.9246017699115044,0.7624521874453479,0.9224481122180807,0.01,0.05,100.0
151,0.06331050373371888,0.9000678417941316,0.7485378150758215,0.9587129288621826,0.9246017699115044,0.7624521874453479,0.9224481122180807,0.01,0.05,100.0
152,0.06323397660045095,0.9000678417941316,0.7485378150758215,0.9587129288621826,0.9246017699115044,0.7624521874453479,0.9224481122180807,0.01,0.05,100.0
153,0.06328710642316535,0.9000678417941316,0.7485378150758215,0.9587129288621826,0.9246017699115044,0.7624521874453479,0.9224481122180807,0.01,0.05,100.0
154,0.06320858267409168,0.9000678417941316,0.7485378150758215,0.9587129288621826,0.9246017699115044,0.7624521874453479,0.9224481122180807,0.01,0.05,100.0
155,0.06323951850025791,0.9000678417941316,0.7485378150758215,0.9587129288621826,0.9246017699115044,0.7624521874453479,0.9224481122180807,0.01,0.05,100.0
156,0.06322031793322708,0.9000678417941316,0.7485378150758215,0.9587129288621826,0.9246017699115044,0.7624521874453479,0.9224481122180807,0.01,0.05,100.0
157,0.06328877583094589,0.9000678417941316,0.7485378150758215,0.9587129288621826,0.9246017699115044,0.7624521874453479,0.9224481122180807,0.01,0.05,100.0
158,0.06317501531409919,0.9000678417941316,0.7485378150758215,0.9587129288621826,0.9246017699115044,0.7624521874453479,0.9224481122180807,0.01,0.05,100.0
159,0.063126701622646,0.9000678417941316,0.7485378150758215,0.9587129288621826,0.9246017699115044,0.7624521874453479,0.9224481122180807,0.01,0.05,100.0
160,0.06312315302122563,0.9027112808650277,0.7436050890311474,0.960788101216921,0.928141592920354,0.7658063127649087,0.9247596079171156,0.01,0.05,100.0
161,0.0631152191680905,0.9027112808650277,0.7436050890311474,0.960788101216921,0.928141592920354,0.7658063127649087,0.9247596079171156,0.01,0.05,100.0
162,0.0631051265520091,0.9027112808650277,0.7436050890311474,0.960788101216921,0.928141592920354,0.7658063127649087,0.9247596079171156,0.01,0.05,100.0
163,0.06308505610723057,0.9027112808650277,0.7436050890311474,0.960788101216921,0.928141592920354,0.7658063127649087,0.9247596079171156,0.01,0.05,100.0
164,0.06305182031969311,0.9027112808650277,0.7436050890311474,0.960788101216921,0.928141592920354,0.7658063127649087,0.9247596079171156,0.01,0.05,100.0
165,0.0630197396856098,0.9027112808650277,0.7436050890311474,0.960788101216921,0.928141592920354,0.7658063127649087,0.9247596079171156,0.01,0.05,100.0
166,0.06299010867234767,0.9027112808650277,0.7436050890311474,0.960788101216921,0.928141592920354,0.7658063127649087,0.9247596079171156,0.01,0.05,100.0
167,0.06296424409714381,0.9027112808650277,0.7436050890311474,0.960788101216921,0.928141592920354,0.7658063127649087,0.9247596079171156,0.01,0.05,100.0
168,0.06295243758189444,0.9027112808650277,0.7436050890311474,0.960788101216921,0.928141592920354,0.7658063127649087,0.9247596079171156,0.01,0.05,100.0
169,0.06296089196108628,0.9027112808650277,0.7436050890311474,0.960788101216921,0.928141592920354,0.7658063127649087,0.9247596079171156,0.01,0.05,100.0
170,0.06294983708995881,0.9014874388078972,0.7405193334170149,0.9593967517401392,0.9256637168141593,0.7600331039035424,0.9225585838921025,0.01,0.05,100.0
171,0.06290128876267027,0.9014874388078972,0.7405193334170149,0.9593967517401392,0.9256637168141593,0.7600331039035424,0.9225585838921025,0.01,0.05,100.0
172,0.06295361386525278,0.9014874388078972,0.7405193334170149,0.9593967517401392,0.9256637168141593,0.7600331039035424,0.9225585838921025,0.01,0.05,100.0
173,0.06294341206576386,0.9014874388078972,0.7405193334170149,0.9593967517401392,0.9256637168141593,0.7600331039035424,0.9225585838921025,0.01,0.05,100.0
174,0.06291541630040395,0.9014874388078972,0.7405193334170149,0.9593967517401392,0.9256637168141593,0.7600331039035424,0.9225585838921025,0.01,0.05,100.0
175,0.06296643133725587,0.9014874388078972,0.7405193334170149,0.9593967517401392,0.9256637168141593,0.7600331039035424,0.9225585838921025,0.01,0.05,100.0
176,0.06289493763752817,0.9014874388078972,0.7405193334170149,0.9593967517401392,0.9256637168141593,0.7600331039035424,0.9225585838921025,0.01,0.05,100.0
177,0.06286592478930533,0.9014874388078972,0.7405193334170149,0.9593967517401392,0.9256637168141593,0.7600331039035424,0.9225585838921025,0.01,0.05,100.0
178,0.06287632127617283,0.9014874388078972,0.7405193334170149,0.9593967517401392,0.9256637168141593,0.7600331039035424,0.9225585838921025,0.01,0.05,100.0
179,0.06286237783948126,0.9014874388078972,0.7405193334170149,0.9593967517401392,0.9256637168141593,0.7600331039035424,0.9225585838921025,0.01,0.05,100.0
180,0.06284104977596172,0.9019476871028864,0.7456814364528603,0.959349593495935,0.9256637168141593,0.7627326479876368,0.9230189579011273,0.01,0.05,100.0
181,0.06275281845126966,0.9019476871028864,0.7456814364528603,0.959349593495935,0.9256637168141593,0.7627326479876368,0.9230189579011273,0.01,0.05,100.0
182,0.06280343098511336,0.9019476871028864,0.7456814364528603,0.959349593495935,0.9256637168141593,0.7627326479876368,0.9230189579011273,0.01,0.05,100.0
183,0.06275731685066595,0.9019476871028864,0.7456814364528603,0.959349593495935,0.9256637168141593,0.7627326479876368,0.9230189579011273,0.01,0.05,100.0
184,0.0628631855115516,0.9019476871028864,0.7456814364528603,0.959349593495935,0.9256637168141593,0.7627326479876368,0.9230189579011273,0.01,0.05,100.0
185,0.0631422777679324,0.9019476871028864,0.7456814364528603,0.959349593495935,0.9256637168141593,0.7627326479876368,0.9230189579011273,0.01,0.05,100.0
186,0.06313395203106117,0.9019476871028864,0.7456814364528603,0.959349593495935,0.9256637168141593,0.7627326479876368,0.9230189579011273,0.01,0.05,100.0
187,0.06304307295644374,0.9019476871028864,0.7456814364528603,0.959349593495935,0.9256637168141593,0.7627326479876368,0.9230189579011273,0.01,0.05,100.0
188,0.06300034450852858,0.9019476871028864,0.7456814364528603,0.959349593495935,0.9256637168141593,0.7627326479876368,0.9230189579011273,0.01,0.05,100.0
189,0.06295492978425869,0.9019476871028864,0.7456814364528603,0.959349593495935,0.9256637168141593,0.7627326479876368,0.9230189579011273,0.01,0.05,100.0
190,0.06287269323076135,0.9050872379722774,0.7441557432412238,0.959566647320565,0.9260176991150443,0.7625276064045652,0.9231580174592723,0.01,0.05,100.0
191,0.06283929348530286,0.9050872379722774,0.7441557432412238,0.959566647320565,0.9260176991150443,0.7625276064045652,0.9231580174592723,0.01,0.05,100.0
192,0.06275991875831984,0.9050872379722774,0.7441557432412238,0.959566647320565,0.9260176991150443,0.7625276064045652,0.9231580174592723,0.01,0.05,100.0
193,0.06266367073647743,0.9050872379722774,0.7441557432412238,0.959566647320565,0.9260176991150443,0.7625276064045652,0.9231580174592723,0.01,0.05,100.0
194,0.06260110462965512,0.9050872379722774,0.7441557432412238,0.959566647320565,0.9260176991150443,0.7625276064045652,0.9231580174592723,0.01,0.05,100.0
195,0.06272248304330039,0.9050872379722774,0.7441557432412238,0.959566647320565,0.9260176991150443,0.7625276064045652,0.9231580174592723,0.01,0.05,100.0
196,0.06272218126320568,0.9050872379722774,0.7441557432412238,0.959566647320565,0.9260176991150443,0.7625276064045652,0.9231580174592723,0.01,0.05,100.0
197,0.06264598943476228,0.9050872379722774,0.7441557432412238,0.959566647320565,0.9260176991150443,0.7625276064045652,0.9231580174592723,0.01,0.05,100.0
198,0.06260880409635364,0.9050872379722774,0.7441557432412238,0.959566647320565,0.9260176991150443,0.7625276064045652,0.9231580174592723,0.01,0.05,100.0
199,0.06253518522165867,0.9050872379722774,0.7441557432412238,0.959566647320565,0.9260176991150443,0.7625276064045652,0.9231580174592723,0.01,0.05,100.0
